36,2022-10-18T04:00:00.000Z,2022-10-18,35,1081.0,12.220000000000026
36,2022-10-18T04:15:00.000Z,2022-10-18,35,2398.0,11.875000000000028
36,2022-10-18T04:30:00.000Z,2022-10-18,36,2345.5,11.53000000000003
36,2022-10-18T04:45:00.000Z,2022-10-18,36,2137.0,11.18500000000003
36,2022-10-18T05:00:00.000Z,2022-10-18,37,4064.0,10.840000000000034
36,2022-10-18T05:15:00.000Z,2022-10-18,37,3249.0,10.840000000000034
36,2022-10-18T05:30:00.000Z,2022-10-18,38,2476.5,10.840000000000034
36,2022-10-18T05:45:00.000Z,2022-10-18,38,2659.5,10.840000000000034
36,2022-10-18T06:00:00.000Z,2022-10-18,39,686.0,10.840000000000034
36,2022-10-18T06:15:00.000Z,2022-10-18,39,541.5,10.73500000000003
36,2022-10-18T06:30:00.000Z,2022-10-18,40,1124.0,10.630000000000024
36,2022-10-18T06:45:00.000Z,2022-10-18,40,967.5,10.52500000000002
36,2022-10-18T07:00:00.000Z,2022-10-18,41,1206.0,10.420000000000016
36,2022-10-18T07:15:00.000Z,2022-10-18,41,1256.0,10.295000000000016
36,2022-10-18T07:30:00.000Z,2022-10-18,42,956.0,10.170000000000016
36,2022-10-18T07:45:00.000Z,2022-10-18,42,1291.5,10.045000000000016
36,2022-10-18T08:00:00.000Z,2022-10-18,43,2646.5,9.920000000000016
36,2022-10-18T08:15:00.000Z,2022-10-18,43,4417.5,9.810000000000016
36,2022-10-18T08:30:00.000Z,2022-10-18,44,3065.0,9.700000000000017
36,2022-10-18T08:45:00.000Z,2022-10-18,44,1325.5,9.590000000000018
36,2022-10-18T09:00:00.000Z,2022-10-18,45,1011.0,9.480000000000018
36,2022-10-18T09:15:00.000Z,2022-10-18,45,4802.5,9.387500000000017
36,2022-10-18T09:30:00.000Z,2022-10-18,46,586.5,9.295000000000016
36,2022-10-18T09:45:00.000Z,2022-10-18,46,5301.5,9.202500000000015
36,2022-10-18T10:00:00.000Z,2022-10-18,47,2137.0,9.110000000000014
36,2022-10-18T10:15:00.000Z,2022-10-18,47,2139.0,8.820000000000022
36,2022-10-18T10:30:00.000Z,2022-10-18,48,2210.0,8.53000000000003
36,2022-10-18T10:45:00.000Z,2022-10-18,48,1350.0,8.240000000000038
36,2022-10-18T11:00:00.000Z,2022-10-19,1,486.5,7.950000000000045
36,2022-10-18T11:15:00.000Z,2022-10-19,1,517.5,7.927500000000037
36,2022-10-18T11:30:00.000Z,2022-10-19,2,566.5,7.905000000000029
36,2022-10-18T11:45:00.000Z,2022-10-19,2,642.5,7.882500000000021
36,2022-10-18T12:00:00.000Z,2022-10-19,3,552.0,7.860000000000013
36,2022-10-18T12:15:00.000Z,2022-10-19,3,640.5,7.407500000000013
36,2022-10-18T12:30:00.000Z,2022-10-19,4,772.0,6.9550000000000125
36,2022-10-18T12:45:00.000Z,2022-10-19,4,2223.5,6.502500000000012
36,2022-10-18T13:00:00.000Z,2022-10-19,5,621.0,6.050000000000012
36,2022-10-18T13:15:00.000Z,2022-10-19,5,679.5,6.05750000000002
36,2022-10-18T13:30:00.000Z,2022-10-19,6,798.0,6.065000000000026
36,2022-10-18T13:45:00.000Z,2022-10-19,6,622.0,6.0725000000000335
36,2022-10-18T14:00:00.000Z,2022-10-19,7,746.0,6.080000000000041
36,2022-10-18T14:15:00.000Z,2022-10-19,7,691.0,5.94000000000004
36,2022-10-18T14:30:00.000Z,2022-10-19,8,2213.5,5.80000000000004
36,2022-10-18T14:45:00.000Z,2022-10-19,8,2255.5,5.66000000000004
36,2022-10-18T15:00:00.000Z,2022-10-19,9,2279.5,5.5200000000000395
36,2022-10-18T15:15:00.000Z,2022-10-19,9,2796.5,5.230000000000033
36,2022-10-18T15:30:00.000Z,2022-10-19,10,2597.5,4.940000000000026
36,2022-10-18T15:45:00.000Z,2022-10-19,10,630.0,4.65000000000002
36,2022-10-18T16:00:00.000Z,2022-10-19,11,604.0,4.360000000000014
36,2022-10-18T16:15:00.000Z,2022-10-19,11,644.0,4.33750000000002
36,2022-10-18T16:30:00.000Z,2022-10-19,12,538.0,4.315000000000026
36,2022-10-18T16:45:00.000Z,2022-10-19,12,675.0,4.292500000000032
36,2022-10-18T17:00:00.000Z,2022-10-19,13,3066.0,4.270000000000039
36,2022-10-18T17:15:00.000Z,2022-10-19,13,632.5,4.0725000000000335
36,2022-10-18T17:30:00.000Z,2022-10-19,14,1335.5,3.8750000000000284
36,2022-10-18T17:45:00.000Z,2022-10-19,14,547.5,3.677500000000023
36,2022-10-18T18:00:00.000Z,2022-10-19,15,3067.0,3.4800000000000177
36,2022-10-18T18:15:00.000Z,2022-10-19,15,4455.5,3.622500000000016
36,2022-10-18T18:30:00.000Z,2022-10-19,16,3618.5,3.765000000000015
36,2022-10-18T18:45:00.000Z,2022-10-19,16,4011.0,3.907500000000013
36,2022-10-18T19:00:00.000Z,2022-10-19,17,3393.0,4.050000000000011
36,2022-10-18T19:15:00.000Z,2022-10-19,17,2201.0,5.3100000000000165
36,2022-10-18T19:30:00.000Z,2022-10-19,18,2814.5,6.5700000000000225
36,2022-10-18T19:45:00.000Z,2022-10-19,18,126.0,7.8300000000000285
36,2022-10-18T20:00:00.000Z,2022-10-19,19,91.5,9.090000000000034
36,2022-10-18T20:15:00.000Z,2022-10-19,19,576.5,9.640000000000029
36,2022-10-18T20:30:00.000Z,2022-10-19,20,339.0,10.190000000000026
36,2022-10-18T20:45:00.000Z,2022-10-19,20,360.0,10.740000000000023
36,2022-10-18T21:00:00.000Z,2022-10-19,21,1010.0,11.290000000000019
36,2022-10-18T21:15:00.000Z,2022-10-19,21,919.0,11.637500000000015
36,2022-10-18T21:30:00.000Z,2022-10-19,22,1050.0,11.985000000000014
36,2022-10-18T21:45:00.000Z,2022-10-19,22,845.5,12.33250000000001
36,2022-10-18T22:00:00.000Z,2022-10-19,23,1518.5,12.680000000000007
36,2022-10-18T22:15:00.000Z,2022-10-19,23,1720.5,12.937500000000014
36,2022-10-18T22:30:00.000Z,2022-10-19,24,2034.5,13.195000000000022
36,2022-10-18T22:45:00.000Z,2022-10-19,24,1395.5,13.452500000000029
36,2022-10-18T23:00:00.000Z,2022-10-19,25,1806.0,13.710000000000036
36,2022-10-18T23:15:00.000Z,2022-10-19,25,1589.0,13.93500000000003
36,2022-10-18T23:30:00.000Z,2022-10-19,26,1570.0,14.160000000000027
36,2022-10-18T23:45:00.000Z,2022-10-19,26,1570.0,14.385000000000023
36,2022-10-19T00:00:00.000Z,2022-10-19,27,1491.5,14.610000000000017
36,2022-10-19T00:15:00.000Z,2022-10-19,27,1702.5,14.805000000000025
36,2022-10-19T00:30:00.000Z,2022-10-19,28,1456.0,15.000000000000032
36,2022-10-19T00:45:00.000Z,2022-10-19,28,1517.0,15.195000000000038
36,2022-10-19T01:00:00.000Z,2022-10-19,29,1550.5,15.390000000000045
36,2022-10-19T01:15:00.000Z,2022-10-19,29,1591.5,15.360000000000044
36,2022-10-19T01:30:00.000Z,2022-10-19,30,1429.5,15.330000000000041
36,2022-10-19T01:45:00.000Z,2022-10-19,30,1397.5,15.30000000000004
36,2022-10-19T02:00:00.000Z,2022-10-19,31,1272.0,15.270000000000039
36,2022-10-19T02:15:00.000Z,2022-10-19,31,1186.0,15.292500000000032
36,2022-10-19T02:30:00.000Z,2022-10-19,32,1801.0,15.315000000000028
36,2022-10-19T02:45:00.000Z,2022-10-19,32,883.5,15.337500000000023
36,2022-10-19T03:00:00.000Z,2022-10-19,33,831.5,15.360000000000017
36,2022-10-19T03:15:00.000Z,2022-10-19,33,974.5,15.290000000000022
36,2022-10-19T03:30:00.000Z,2022-10-19,34,835.0,15.220000000000027
36,2022-10-19T03:45:00.000Z,2022-10-19,34,556.0,15.150000000000032
36,2022-10-19T04:00:00.000Z,2022-10-19,35,1034.5,15.080000000000037
36,2022-10-19T04:15:00.000Z,2022-10-19,35,134.5,14.792500000000029
36,2022-10-19T04:30:00.000Z,2022-10-19,36,4.5,14.505000000000022
36,2022-10-19T04:45:00.000Z,2022-10-19,36,59.5,14.217500000000015
36,2022-10-19T05:00:00.000Z,2022-10-19,37,456.0,13.930000000000007
36,2022-10-19T05:15:00.000Z,2022-10-19,37,540.0,13.827500000000015
36,2022-10-19T05:30:00.000Z,2022-10-19,38,655.0,13.725000000000023
36,2022-10-19T05:45:00.000Z,2022-10-19,38,483.5,13.62250000000003
36,2022-10-19T06:00:00.000Z,2022-10-19,39,6410.0,13.520000000000039
36,2022-10-19T06:15:00.000Z,2022-10-19,39,4399.5,13.240000000000038
36,2022-10-19T06:30:00.000Z,2022-10-19,40,4337.0,12.960000000000036
36,2022-10-19T06:45:00.000Z,2022-10-19,40,3706.5,12.680000000000037
36,2022-10-19T07:00:00.000Z,2022-10-19,41,1915.0,12.400000000000036
36,2022-10-19T07:15:00.000Z,2022-10-19,41,860.0,12.340000000000034
36,2022-10-19T07:30:00.000Z,2022-10-19,42,838.5,12.280000000000031
36,2022-10-19T07:45:00.000Z,2022-10-19,42,2372.5,12.220000000000029
36,2022-10-19T08:00:00.000Z,2022-10-19,43,3849.0,12.160000000000027
36,2022-10-19T08:15:00.000Z,2022-10-19,43,5683.0,12.092500000000031
36,2022-10-19T08:30:00.000Z,2022-10-19,44,1367.5,12.025000000000036
36,2022-10-19T08:45:00.000Z,2022-10-19,44,937.5,11.95750000000004
36,2022-10-19T09:00:00.000Z,2022-10-19,45,4007.0,11.890000000000045
36,2022-10-19T09:15:00.000Z,2022-10-19,45,618.0,11.777500000000034
36,2022-10-19T09:30:00.000Z,2022-10-19,46,3766.0,11.66500000000002
36,2022-10-19T09:45:00.000Z,2022-10-19,46,420.5,11.552500000000009
36,2022-10-19T10:00:00.000Z,2022-10-19,47,476.5,11.439999999999998
36,2022-10-19T10:15:00.000Z,2022-10-19,47,485.5,11.230000000000004
36,2022-10-19T10:30:00.000Z,2022-10-19,48,407.0,11.02000000000001
36,2022-10-19T10:45:00.000Z,2022-10-19,48,2302.0,10.810000000000018
36,2022-10-19T11:00:00.000Z,2022-10-20,1,488.0,10.600000000000025
36,2022-10-19T11:15:00.000Z,2022-10-20,1,456.0,9.970000000000029
36,2022-10-19T11:30:00.000Z,2022-10-20,2,2106.0,9.340000000000032
36,2022-10-19T11:45:00.000Z,2022-10-20,2,2211.5,8.710000000000036
36,2022-10-19T12:00:00.000Z,2022-10-20,3,2141.0,8.080000000000041
36,2022-10-19T12:15:00.000Z,2022-10-20,3,2175.5,8.150000000000034
36,2022-10-19T12:30:00.000Z,2022-10-20,4,2186.0,8.220000000000027
36,2022-10-19T12:45:00.000Z,2022-10-20,4,675.0,8.29000000000002
36,2022-10-19T13:00:00.000Z,2022-10-20,5,595.5,8.360000000000014
36,2022-10-19T13:15:00.000Z,2022-10-20,5,3751.0,8.13000000000001
36,2022-10-19T13:30:00.000Z,2022-10-20,6,787.0,7.900000000000006
36,2022-10-19T13:45:00.000Z,2022-10-20,6,571.0,7.670000000000002
36,2022-10-19T14:00:00.000Z,2022-10-20,7,672.0,7.439999999999998
36,2022-10-19T14:15:00.000Z,2022-10-20,7,689.5,7.240000000000009
36,2022-10-19T14:30:00.000Z,2022-10-20,8,621.5,7.0400000000000205
36,2022-10-19T14:45:00.000Z,2022-10-20,8,653.0,6.840000000000032
36,2022-10-19T15:00:00.000Z,2022-10-20,9,614.5,6.640000000000043
36,2022-10-19T15:15:00.000Z,2022-10-20,9,654.0,6.640000000000043
36,2022-10-19T15:30:00.000Z,2022-10-20,10,745.0,6.640000000000043
36,2022-10-19T15:45:00.000Z,2022-10-20,10,507.0,6.640000000000043
36,2022-10-19T16:00:00.000Z,2022-10-20,11,2989.0,6.640000000000043
36,2022-10-19T16:15:00.000Z,2022-10-20,11,2158.5,6.602500000000035
36,2022-10-19T16:30:00.000Z,2022-10-20,12,2987.0,6.565000000000026
36,2022-10-19T16:45:00.000Z,2022-10-20,12,2063.5,6.527500000000017
36,2022-10-19T17:00:00.000Z,2022-10-20,13,3895.5,6.490000000000008
36,2022-10-19T17:15:00.000Z,2022-10-20,13,719.5,6.485000000000013
36,2022-10-19T17:30:00.000Z,2022-10-20,14,572.0,6.480000000000018
36,2022-10-19T17:45:00.000Z,2022-10-20,14,3850.0,6.475000000000023
36,2022-10-19T18:00:00.000Z,2022-10-20,15,3422.5,6.470000000000027
36,2022-10-19T18:15:00.000Z,2022-10-20,15,2656.5,6.647500000000022
36,2022-10-19T18:30:00.000Z,2022-10-20,16,2542.5,6.825000000000018
36,2022-10-19T18:45:00.000Z,2022-10-20,16,1865.5,7.002500000000014
36,2022-10-19T19:00:00.000Z,2022-10-20,17,994.5,7.180000000000009
36,2022-10-19T19:15:00.000Z,2022-10-20,17,884.5,8.012500000000017
36,2022-10-19T19:30:00.000Z,2022-10-20,18,521.5,8.845000000000027
36,2022-10-19T19:45:00.000Z,2022-10-20,18,585.5,9.677500000000038
36,2022-10-19T20:00:00.000Z,2022-10-20,19,568.5,10.510000000000046
36,2022-10-19T20:15:00.000Z,2022-10-20,19,32.0,10.995000000000045
36,2022-10-19T20:30:00.000Z,2022-10-20,20,729.0,11.480000000000047
36,2022-10-19T20:45:00.000Z,2022-10-20,20,754.0,11.965000000000046
36,2022-10-19T21:00:00.000Z,2022-10-20,21,1100.0,12.450000000000045
36,2022-10-19T21:15:00.000Z,2022-10-20,21,256.5,12.880000000000038
36,2022-10-19T21:30:00.000Z,2022-10-20,22,944.5,13.31000000000003
36,2022-10-19T21:45:00.000Z,2022-10-20,22,1274.5,13.740000000000023
36,2022-10-19T22:00:00.000Z,2022-10-20,23,1145.5,14.170000000000016
36,2022-10-19T22:15:00.000Z,2022-10-20,23,1406.5,14.312500000000014
36,2022-10-19T22:30:00.000Z,2022-10-20,24,1480.5,14.455000000000013
36,2022-10-19T22:45:00.000Z,2022-10-20,24,1460.0,14.597500000000009
36,2022-10-19T23:00:00.000Z,2022-10-20,25,948.0,14.740000000000007
36,2022-10-19T23:15:00.000Z,2022-10-20,25,1087.5,14.867500000000005
36,2022-10-19T23:30:00.000Z,2022-10-20,26,1009.5,14.995000000000005
36,2022-10-19T23:45:00.000Z,2022-10-20,26,1227.0,15.122500000000002
36,2022-10-20T00:00:00.000Z,2022-10-20,27,1658.5,15.25
36,2022-10-20T00:15:00.000Z,2022-10-20,27,1749.5,15.477500000000006
36,2022-10-20T00:30:00.000Z,2022-10-20,28,1623.0,15.705000000000013
36,2022-10-20T00:45:00.000Z,2022-10-20,28,1737.0,15.932500000000019
36,2022-10-20T01:00:00.000Z,2022-10-20,29,1603.0,16.160000000000025
36,2022-10-20T01:15:00.000Z,2022-10-20,29,1552.0,16.160000000000025
36,2022-10-20T01:30:00.000Z,2022-10-20,30,1529.5,16.160000000000025
36,2022-10-20T01:45:00.000Z,2022-10-20,30,1458.0,16.160000000000025
36,2022-10-20T02:00:00.000Z,2022-10-20,31,1201.5,16.160000000000025
36,2022-10-20T02:15:00.000Z,2022-10-20,31,1267.0,16.427500000000023
36,2022-10-20T02:30:00.000Z,2022-10-20,32,1148.0,16.69500000000002
36,2022-10-20T02:45:00.000Z,2022-10-20,32,998.5,16.96250000000002
36,2022-10-20T03:00:00.000Z,2022-10-20,33,961.0,17.230000000000018
36,2022-10-20T03:15:00.000Z,2022-10-20,33,932.5,17.422500000000014
36,2022-10-20T03:30:00.000Z,2022-10-20,34,724.5,17.61500000000001
36,2022-10-20T03:45:00.000Z,2022-10-20,34,569.5,17.807500000000005
36,2022-10-20T04:00:00.000Z,2022-10-20,35,428.0,18.0
36,2022-10-20T04:15:00.000Z,2022-10-20,35,435.0,18.245000000000005
36,2022-10-20T04:30:00.000Z,2022-10-20,36,259.5,18.49000000000001
36,2022-10-20T04:45:00.000Z,2022-10-20,36,4202.5,18.735000000000014
36,2022-10-20T05:00:00.000Z,2022-10-20,37,2210.5,18.980000000000018
36,2022-10-20T05:15:00.000Z,2022-10-20,37,4324.5,19.267500000000013
36,2022-10-20T05:30:00.000Z,2022-10-20,38,3568.0,19.555000000000007
36,2022-10-20T05:45:00.000Z,2022-10-20,38,2586.0,19.8425
36,2022-10-20T06:00:00.000Z,2022-10-20,39,4552.5,20.129999999999995
36,2022-10-20T06:15:00.000Z,2022-10-20,39,2759.0,19.879999999999995
36,2022-10-20T06:30:00.000Z,2022-10-20,40,420.0,19.629999999999995
36,2022-10-20T06:45:00.000Z,2022-10-20,40,511.0,19.379999999999995
36,2022-10-20T07:00:00.000Z,2022-10-20,41,705.5,19.129999999999995
36,2022-10-20T07:15:00.000Z,2022-10-20,41,580.0,17.89
36,2022-10-20T07:30:00.000Z,2022-10-20,42,2209.5,16.650000000000006
36,2022-10-20T07:45:00.000Z,2022-10-20,42,2317.0,15.41000000000001
36,2022-10-20T08:00:00.000Z,2022-10-20,43,3815.0,14.170000000000016
36,2022-10-20T08:15:00.000Z,2022-10-20,43,5394.5,13.705000000000013
36,2022-10-20T08:30:00.000Z,2022-10-20,44,2201.0,13.240000000000009
36,2022-10-20T08:45:00.000Z,2022-10-20,44,2269.0,12.775000000000006
36,2022-10-20T09:00:00.000Z,2022-10-20,45,2374.5,12.310000000000002
36,2022-10-20T09:15:00.000Z,2022-10-20,45,627.5,12.217500000000001
36,2022-10-20T09:30:00.000Z,2022-10-20,46,682.5,12.125
36,2022-10-20T09:45:00.000Z,2022-10-20,46,1676.0,12.032499999999999
36,2022-10-20T10:00:00.000Z,2022-10-20,47,3682.0,11.939999999999998
36,2022-10-20T10:15:00.000Z,2022-10-20,47,421.5,11.752499999999998
36,2022-10-20T10:30:00.000Z,2022-10-20,48,500.5,11.564999999999998
36,2022-10-20T10:45:00.000Z,2022-10-20,48,472.5,11.377499999999998
36,2022-10-20T11:00:00.000Z,2022-10-21,1,414.0,11.189999999999998
36,2022-10-20T11:15:00.000Z,2022-10-21,1,2122.5,11.079999999999998
36,2022-10-20T11:30:00.000Z,2022-10-21,2,458.5,10.969999999999999
36,2022-10-20T11:45:00.000Z,2022-10-21,2,416.5,10.86
36,2022-10-20T12:00:00.000Z,2022-10-21,3,556.5,10.75
36,2022-10-20T12:15:00.000Z,2022-10-21,3,513.5,10.56750000000001
36,2022-10-20T12:30:00.000Z,2022-10-21,4,512.5,10.38500000000002
36,2022-10-20T12:45:00.000Z,2022-10-21,4,595.0,10.202500000000029
36,2022-10-20T13:00:00.000Z,2022-10-21,5,497.0,10.020000000000039
36,2022-10-20T13:15:00.000Z,2022-10-21,5,2118.0,9.962500000000034
36,2022-10-20T13:30:00.000Z,2022-10-21,6,2144.0,9.90500000000003
36,2022-10-20T13:45:00.000Z,2022-10-21,6,3676.0,9.847500000000023
36,2022-10-20T14:00:00.000Z,2022-10-21,7,2073.5,9.790000000000019
36,2022-10-20T14:15:00.000Z,2022-10-21,7,2120.0,9.69500000000002
36,2022-10-20T14:30:00.000Z,2022-10-21,8,518.5,9.600000000000021
36,2022-10-20T14:45:00.000Z,2022-10-21,8,535.5,9.505000000000022
36,2022-10-20T15:00:00.000Z,2022-10-21,9,611.5,9.410000000000023
36,2022-10-20T15:15:00.000Z,2022-10-21,9,551.5,9.337500000000018
36,2022-10-20T15:30:00.000Z,2022-10-21,10,515.5,9.265000000000013
36,2022-10-20T15:45:00.000Z,2022-10-21,10,624.5,9.192500000000008
36,2022-10-20T16:00:00.000Z,2022-10-21,11,570.0,9.120000000000003
36,2022-10-20T16:15:00.000Z,2022-10-21,11,520.5,9.005000000000008
36,2022-10-20T16:30:00.000Z,2022-10-21,12,495.0,8.890000000000015
36,2022-10-20T16:45:00.000Z,2022-10-21,12,600.5,8.77500000000002
36,2022-10-20T17:00:00.000Z,2022-10-21,13,573.0,8.660000000000025
36,2022-10-20T17:15:00.000Z,2022-10-21,13,544.0,8.640000000000029
36,2022-10-20T17:30:00.000Z,2022-10-21,14,731.5,8.620000000000033
36,2022-10-20T17:45:00.000Z,2022-10-21,14,3608.5,8.600000000000037
36,2022-10-20T18:00:00.000Z,2022-10-21,15,3015.5,8.580000000000041
36,2022-10-20T18:15:00.000Z,2022-10-21,15,2501.0,8.65500000000003
36,2022-10-20T18:30:00.000Z,2022-10-21,16,2099.0,8.730000000000018
36,2022-10-20T18:45:00.000Z,2022-10-21,16,688.5,8.805000000000005
36,2022-10-20T19:00:00.000Z,2022-10-21,17,959.5,8.879999999999994
36,2022-10-20T19:15:00.000Z,2022-10-21,17,853.5,9.290000000000004
36,2022-10-20T19:30:00.000Z,2022-10-21,18,5218.5,9.700000000000017
36,2022-10-20T19:45:00.000Z,2022-10-21,18,523.0,10.110000000000028
36,2022-10-20T20:00:00.000Z,2022-10-21,19,381.0,10.520000000000039
36,2022-10-20T20:15:00.000Z,2022-10-21,19,63.5,10.66000000000004
36,2022-10-20T20:30:00.000Z,2022-10-21,20,2132.5,10.800000000000038
36,2022-10-20T20:45:00.000Z,2022-10-21,20,1298.5,10.940000000000037
36,2022-10-20T21:00:00.000Z,2022-10-21,21,863.5,11.080000000000037
36,2022-10-20T21:15:00.000Z,2022-10-21,21,3.5,11.030000000000026
36,2022-10-20T21:30:00.000Z,2022-10-21,22,837.0,10.980000000000016
36,2022-10-20T21:45:00.000Z,2022-10-21,22,153.5,10.930000000000007
36,2022-10-20T22:00:00.000Z,2022-10-21,23,1661.5,10.879999999999995
36,2022-10-20T22:15:00.000Z,2022-10-21,23,2676.0,11.0475
36,2022-10-20T22:30:00.000Z,2022-10-21,24,1674.5,11.215000000000003
36,2022-10-20T22:45:00.000Z,2022-10-21,24,3175.0,11.382500000000007
36,2022-10-20T23:00:00.000Z,2022-10-21,25,3402.5,11.550000000000011
36,2022-10-20T23:15:00.000Z,2022-10-21,25,2285.0,11.485000000000014
36,2022-10-20T23:30:00.000Z,2022-10-21,26,74.5,11.420000000000016
36,2022-10-20T23:45:00.000Z,2022-10-21,26,3150.5,11.355000000000016
36,2022-10-21T00:00:00.000Z,2022-10-21,27,534.0,11.290000000000019
36,2022-10-21T00:15:00.000Z,2022-10-21,27,273.0,11.742500000000021
36,2022-10-21T00:30:00.000Z,2022-10-21,28,2079.5,12.195000000000022
36,2022-10-21T00:45:00.000Z,2022-10-21,28,183.0,12.647500000000024
36,2022-10-21T01:00:00.000Z,2022-10-21,29,1473.0,13.100000000000026
36,2022-10-21T01:15:00.000Z,2022-10-21,29,665.0,12.865000000000027
36,2022-10-21T01:30:00.000Z,2022-10-21,30,999.5,12.630000000000027
36,2022-10-21T01:45:00.000Z,2022-10-21,30,2127.0,12.395000000000026
36,2022-10-21T02:00:00.000Z,2022-10-21,31,706.5,12.160000000000027
36,2022-10-21T02:15:00.000Z,2022-10-21,31,1408.5,12.447500000000021
36,2022-10-21T02:30:00.000Z,2022-10-21,32,731.0,12.735000000000014
36,2022-10-21T02:45:00.000Z,2022-10-21,32,850.0,13.022500000000008
36,2022-10-21T03:00:00.000Z,2022-10-21,33,994.0,13.310000000000002
36,2022-10-21T03:15:00.000Z,2022-10-21,33,536.5,13.310000000000002
36,2022-10-21T03:30:00.000Z,2022-10-21,34,624.5,13.310000000000002
36,2022-10-21T03:45:00.000Z,2022-10-21,34,535.0,13.310000000000002
36,2022-10-21T04:00:00.000Z,2022-10-21,35,306.0,13.310000000000002
36,2022-10-21T04:15:00.000Z,2022-10-21,35,246.5,13.03500000000001
36,2022-10-21T04:30:00.000Z,2022-10-21,36,154.0,12.76000000000002
36,2022-10-21T04:45:00.000Z,2022-10-21,36,169.5,12.485000000000028
36,2022-10-21T05:00:00.000Z,2022-10-21,37,236.5,12.210000000000036
36,2022-10-21T05:15:00.000Z,2022-10-21,37,311.0,12.022500000000036
36,2022-10-21T05:30:00.000Z,2022-10-21,38,494.0,11.835000000000036
36,2022-10-21T05:45:00.000Z,2022-10-21,38,457.5,11.647500000000036
36,2022-10-21T06:00:00.000Z,2022-10-21,39,1186.0,11.460000000000036
36,2022-10-21T06:15:00.000Z,2022-10-21,39,1272.5,10.877500000000026
36,2022-10-21T06:30:00.000Z,2022-10-21,40,5348.0,10.295000000000016
36,2022-10-21T06:45:00.000Z,2022-10-21,40,2757.0,9.712500000000007
36,2022-10-21T07:00:00.000Z,2022-10-21,41,614.5,9.129999999999997
36,2022-10-21T07:15:00.000Z,2022-10-21,41,778.5,8.784999999999998
36,2022-10-21T07:30:00.000Z,2022-10-21,42,1015.0,8.439999999999998
36,2022-10-21T07:45:00.000Z,2022-10-21,42,1281.5,8.094999999999999
36,2022-10-21T08:00:00.000Z,2022-10-21,43,4422.0,7.75
36,2022-10-21T08:15:00.000Z,2022-10-21,43,6625.5,7.6000000000000085
36,2022-10-21T08:30:00.000Z,2022-10-21,44,4555.0,7.450000000000017
36,2022-10-21T08:45:00.000Z,2022-10-21,44,3927.5,7.3000000000000265
36,2022-10-21T09:00:00.000Z,2022-10-21,45,3176.0,7.150000000000035
36,2022-10-21T09:15:00.000Z,2022-10-21,45,923.5,6.890000000000029
36,2022-10-21T09:30:00.000Z,2022-10-21,46,940.5,6.630000000000024
36,2022-10-21T09:45:00.000Z,2022-10-21,46,846.0,6.370000000000019
36,2022-10-21T10:00:00.000Z,2022-10-21,47,630.0,6.110000000000013
36,2022-10-21T10:15:00.000Z,2022-10-21,47,629.0,5.75500000000001
36,2022-10-21T10:30:00.000Z,2022-10-21,48,584.0,5.400000000000006
36,2022-10-21T10:45:00.000Z,2022-10-21,48,676.5,5.045000000000002
36,2022-10-21T11:00:00.000Z,2022-10-22,1,4093.5,4.689999999999999
36,2022-10-21T11:15:00.000Z,2022-10-22,1,2995.5,4.270000000000011
36,2022-10-21T11:30:00.000Z,2022-10-22,2,3206.0,3.8500000000000236
36,2022-10-21T11:45:00.000Z,2022-10-22,2,1915.5,3.4300000000000357
36,2022-10-21T12:00:00.000Z,2022-10-22,3,4703.0,3.010000000000048
36,2022-10-21T12:15:00.000Z,2022-10-22,3,2386.5,2.885000000000048
36,2022-10-21T12:30:00.000Z,2022-10-22,4,2280.5,2.760000000000048
36,2022-10-21T12:45:00.000Z,2022-10-22,4,2330.5,2.635000000000048
36,2022-10-21T13:00:00.000Z,2022-10-22,5,2268.5,2.510000000000048
36,2022-10-21T13:15:00.000Z,2022-10-22,5,740.5,2.342500000000044
36,2022-10-21T13:30:00.000Z,2022-10-22,6,727.5,2.1750000000000402
36,2022-10-21T13:45:00.000Z,2022-10-22,6,3897.5,2.007500000000036
36,2022-10-21T14:00:00.000Z,2022-10-22,7,644.5,1.840000000000032
36,2022-10-21T14:15:00.000Z,2022-10-22,7,688.5,1.6975000000000338
36,2022-10-21T14:30:00.000Z,2022-10-22,8,1166.0,1.5550000000000355
36,2022-10-21T14:45:00.000Z,2022-10-22,8,1210.0,1.4125000000000372
36,2022-10-21T15:00:00.000Z,2022-10-22,9,698.5,1.2700000000000389
36,2022-10-21T15:15:00.000Z,2022-10-22,9,712.0,1.0875000000000343
36,2022-10-21T15:30:00.000Z,2022-10-22,10,670.5,0.9050000000000297
36,2022-10-21T15:45:00.000Z,2022-10-22,10,629.0,0.722500000000025
36,2022-10-21T16:00:00.000Z,2022-10-22,11,616.5,0.5400000000000205
36,2022-10-21T16:15:00.000Z,2022-10-22,11,707.0,0.5075000000000216
36,2022-10-21T16:30:00.000Z,2022-10-22,12,3007.5,0.47500000000002274
36,2022-10-21T16:45:00.000Z,2022-10-22,12,2605.0,0.4425000000000239
36,2022-10-21T17:00:00.000Z,2022-10-22,13,3778.5,0.410000000000025
36,2022-10-21T17:15:00.000Z,2022-10-22,13,2268.0,0.3625000000000256
36,2022-10-21T17:30:00.000Z,2022-10-22,14,618.5,0.31500000000002615
36,2022-10-21T17:45:00.000Z,2022-10-22,14,561.5,0.2675000000000267
36,2022-10-21T18:00:00.000Z,2022-10-22,15,1020.5,0.22000000000002728
36,2022-10-21T18:15:00.000Z,2022-10-22,15,1178.5,0.19750000000001933
36,2022-10-21T18:30:00.000Z,2022-10-22,16,377.0,0.17500000000001137
36,2022-10-21T18:45:00.000Z,2022-10-22,16,258.0,0.1525000000000034
36,2022-10-21T19:00:00.000Z,2022-10-22,17,1094.0,0.12999999999999545
36,2022-10-21T19:15:00.000Z,2022-10-22,17,3263.5,1.6899999999999977
36,2022-10-21T19:30:00.000Z,2022-10-22,18,3080.5,3.25
36,2022-10-21T19:45:00.000Z,2022-10-22,18,2986.0,4.810000000000002
36,2022-10-21T20:00:00.000Z,2022-10-22,19,3408.0,6.3700000000000045
36,2022-10-21T20:15:00.000Z,2022-10-22,19,2194.5,7.435000000000002
36,2022-10-21T20:30:00.000Z,2022-10-22,20,1119.5,8.5
36,2022-10-21T20:45:00.000Z,2022-10-22,20,437.0,9.565
36,2022-10-21T21:00:00.000Z,2022-10-22,21,608.0,10.629999999999997
36,2022-10-21T21:15:00.000Z,2022-10-22,21,1215.5,11.2525
36,2022-10-21T21:30:00.000Z,2022-10-22,22,1290.5,11.875
36,2022-10-21T21:45:00.000Z,2022-10-22,22,916.5,12.497500000000002
36,2022-10-21T22:00:00.000Z,2022-10-22,23,1619.0,13.120000000000005
36,2022-10-21T22:15:00.000Z,2022-10-22,23,1857.5,13.345000000000013
36,2022-10-21T22:30:00.000Z,2022-10-22,24,1611.5,13.570000000000022
36,2022-10-21T22:45:00.000Z,2022-10-22,24,1452.5,13.79500000000003
36,2022-10-21T23:00:00.000Z,2022-10-22,25,1393.5,14.020000000000039
36,2022-10-21T23:15:00.000Z,2022-10-22,25,1462.5,14.272500000000036
36,2022-10-21T23:30:00.000Z,2022-10-22,26,1588.5,14.525000000000034
36,2022-10-21T23:45:00.000Z,2022-10-22,26,1090.5,14.77750000000003
36,2022-10-22T00:00:00.000Z,2022-10-22,27,385.5,15.030000000000028
36,2022-10-22T00:15:00.000Z,2022-10-22,27,963.0,15.127500000000024
36,2022-10-22T00:30:00.000Z,2022-10-22,28,1703.5,15.225000000000023
36,2022-10-22T00:45:00.000Z,2022-10-22,28,1687.5,15.32250000000002
36,2022-10-22T01:00:00.000Z,2022-10-22,29,1427.5,15.420000000000016
36,2022-10-22T01:15:00.000Z,2022-10-22,29,1595.5,15.155000000000015
36,2022-10-22T01:30:00.000Z,2022-10-22,30,1417.0,14.890000000000017
36,2022-10-22T01:45:00.000Z,2022-10-22,30,1298.0,14.625000000000018
36,2022-10-22T02:00:00.000Z,2022-10-22,31,1210.0,14.360000000000017
36,2022-10-22T02:15:00.000Z,2022-10-22,31,1245.0,14.510000000000023
36,2022-10-22T02:30:00.000Z,2022-10-22,32,1123.5,14.660000000000027
36,2022-10-22T02:45:00.000Z,2022-10-22,32,1005.0,14.81000000000003
36,2022-10-22T03:00:00.000Z,2022-10-22,33,944.5,14.960000000000036
36,2022-10-22T03:15:00.000Z,2022-10-22,33,934.0,14.917500000000032
36,2022-10-22T03:30:00.000Z,2022-10-22,34,808.0,14.875000000000028
36,2022-10-22T03:45:00.000Z,2022-10-22,34,558.5,14.832500000000023
36,2022-10-22T04:00:00.000Z,2022-10-22,35,523.5,14.790000000000019
36,2022-10-22T04:15:00.000Z,2022-10-22,35,349.0,14.595000000000026
36,2022-10-22T04:30:00.000Z,2022-10-22,36,151.5,14.400000000000034
36,2022-10-22T04:45:00.000Z,2022-10-22,36,838.5,14.205000000000041
36,2022-10-22T05:00:00.000Z,2022-10-22,37,1730.5,14.010000000000048
36,2022-10-22T05:15:00.000Z,2022-10-22,37,1897.0,13.762500000000045
36,2022-10-22T05:30:00.000Z,2022-10-22,38,1892.0,13.515000000000043
36,2022-10-22T05:45:00.000Z,2022-10-22,38,261.0,13.267500000000041
36,2022-10-22T06:00:00.000Z,2022-10-22,39,963.0,13.020000000000039
36,2022-10-22T06:15:00.000Z,2022-10-22,39,914.0,12.557500000000033
36,2022-10-22T06:30:00.000Z,2022-10-22,40,783.0,12.095000000000027
36,2022-10-22T06:45:00.000Z,2022-10-22,40,1171.5,11.632500000000022
36,2022-10-22T07:00:00.000Z,2022-10-22,41,1196.5,11.170000000000016
36,2022-10-22T07:15:00.000Z,2022-10-22,41,1217.5,10.860000000000014
36,2022-10-22T07:30:00.000Z,2022-10-22,42,1083.5,10.550000000000011
36,2022-10-22T07:45:00.000Z,2022-10-22,42,1064.5,10.24000000000001
36,2022-10-22T08:00:00.000Z,2022-10-22,43,2690.0,9.930000000000009
36,2022-10-22T08:15:00.000Z,2022-10-22,43,1087.5,9.925000000000011
36,2022-10-22T08:30:00.000Z,2022-10-22,44,1110.5,9.920000000000016
36,2022-10-22T08:45:00.000Z,2022-10-22,44,774.5,9.91500000000002
36,2022-10-22T09:00:00.000Z,2022-10-22,45,951.0,9.910000000000023
36,2022-10-22T09:15:00.000Z,2022-10-22,45,1023.0,9.950000000000031
36,2022-10-22T09:30:00.000Z,2022-10-22,46,768.0,9.990000000000038
36,2022-10-22T09:45:00.000Z,2022-10-22,46,507.5,10.030000000000044
36,2022-10-22T10:00:00.000Z,2022-10-22,47,504.5,10.070000000000052
36,2022-10-22T10:15:00.000Z,2022-10-22,47,463.0,10.047500000000044
36,2022-10-22T10:30:00.000Z,2022-10-22,48,553.5,10.025000000000034
36,2022-10-22T10:45:00.000Z,2022-10-22,48,453.0,10.002500000000026
36,2022-10-22T11:00:00.000Z,2022-10-23,1,2038.0,9.980000000000018
36,2022-10-22T11:15:00.000Z,2022-10-23,1,2132.5,9.957500000000024
36,2022-10-22T11:30:00.000Z,2022-10-23,2,3720.0,9.93500000000003
36,2022-10-22T11:45:00.000Z,2022-10-23,2,2066.5,9.912500000000037
36,2022-10-22T12:00:00.000Z,2022-10-23,3,635.5,9.890000000000043
36,2022-10-22T12:15:00.000Z,2022-10-23,3,656.0,9.890000000000043
36,2022-10-22T12:30:00.000Z,2022-10-23,4,576.5,9.890000000000043
36,2022-10-22T12:45:00.000Z,2022-10-23,4,648.0,9.890000000000043
36,2022-10-22T13:00:00.000Z,2022-10-23,5,631.0,9.890000000000043
36,2022-10-22T13:15:00.000Z,2022-10-23,5,666.5,9.912500000000037
36,2022-10-22T13:30:00.000Z,2022-10-23,6,639.0,9.93500000000003
36,2022-10-22T13:45:00.000Z,2022-10-23,6,799.0,9.957500000000024
36,2022-10-22T14:00:00.000Z,2022-10-23,7,670.5,9.980000000000018
36,2022-10-22T14:15:00.000Z,2022-10-23,7,645.5,9.380000000000024
36,2022-10-22T14:30:00.000Z,2022-10-23,8,679.5,8.78000000000003
36,2022-10-22T14:45:00.000Z,2022-10-23,8,612.5,8.180000000000035
36,2022-10-22T15:00:00.000Z,2022-10-23,9,659.5,7.580000000000041
36,2022-10-22T15:15:00.000Z,2022-10-23,9,2598.5,8.090000000000032
36,2022-10-22T15:30:00.000Z,2022-10-23,10,4364.5,8.600000000000023
36,2022-10-22T15:45:00.000Z,2022-10-23,10,2101.0,9.110000000000012
36,2022-10-22T16:00:00.000Z,2022-10-23,11,2175.5,9.620000000000003
36,2022-10-22T16:15:00.000Z,2022-10-23,11,1275.5,9.597500000000009
36,2022-10-22T16:30:00.000Z,2022-10-23,12,634.5,9.575000000000017
36,2022-10-22T16:45:00.000Z,2022-10-23,12,487.0,9.552500000000023
36,2022-10-22T17:00:00.000Z,2022-10-23,13,576.5,9.53000000000003
36,2022-10-22T17:15:00.000Z,2022-10-23,13,1055.5,9.710000000000022
36,2022-10-22T17:30:00.000Z,2022-10-23,14,1413.0,9.890000000000015
36,2022-10-22T17:45:00.000Z,2022-10-23,14,534.5,10.070000000000007
36,2022-10-22T18:00:00.000Z,2022-10-23,15,539.0,10.25
36,2022-10-22T18:15:00.000Z,2022-10-23,15,399.5,10.52000000000001
36,2022-10-22T18:30:00.000Z,2022-10-23,16,469.5,10.790000000000019
36,2022-10-22T18:45:00.000Z,2022-10-23,16,184.0,11.060000000000027
36,2022-10-22T19:00:00.000Z,2022-10-23,17,2464.0,11.330000000000037
36,2022-10-22T19:15:00.000Z,2022-10-23,17,3453.5,11.125000000000039
36,2022-10-22T19:30:00.000Z,2022-10-23,18,2039.0,10.92000000000004
36,2022-10-22T19:45:00.000Z,2022-10-23,18,1511.0,10.715000000000044
36,2022-10-22T20:00:00.000Z,2022-10-23,19,924.5,10.510000000000046
36,2022-10-22T20:15:00.000Z,2022-10-23,19,87.0,11.505000000000036
36,2022-10-22T20:30:00.000Z,2022-10-23,20,269.0,12.500000000000027
36,2022-10-22T20:45:00.000Z,2022-10-23,20,505.0,13.495000000000017
36,2022-10-22T21:00:00.000Z,2022-10-23,21,575.5,14.490000000000007
36,2022-10-22T21:15:00.000Z,2022-10-23,21,1027.5,15.435000000000015
36,2022-10-22T21:30:00.000Z,2022-10-23,22,1116.5,16.380000000000024
36,2022-10-22T21:45:00.000Z,2022-10-23,22,1229.0,17.32500000000003
36,2022-10-22T22:00:00.000Z,2022-10-23,23,1220.5,18.27000000000004
36,2022-10-22T22:15:00.000Z,2022-10-23,23,1313.0,18.837500000000034
36,2022-10-22T22:30:00.000Z,2022-10-23,24,1274.0,19.40500000000003
36,2022-10-22T22:45:00.000Z,2022-10-23,24,1941.0,19.972500000000025
36,2022-10-22T23:00:00.000Z,2022-10-23,25,1316.5,20.54000000000002
36,2022-10-22T23:15:00.000Z,2022-10-23,25,1536.5,20.802500000000023
36,2022-10-22T23:30:00.000Z,2022-10-23,26,1589.0,21.065000000000026
36,2022-10-22T23:45:00.000Z,2022-10-23,26,741.5,21.32750000000003
36,2022-10-23T00:00:00.000Z,2022-10-23,27,1018.0,21.590000000000032
36,2022-10-23T00:15:00.000Z,2022-10-23,27,1543.5,21.225000000000023
36,2022-10-23T00:30:00.000Z,2022-10-23,28,1074.0,20.860000000000014
36,2022-10-23T00:45:00.000Z,2022-10-23,28,1567.5,20.495000000000005
36,2022-10-23T01:00:00.000Z,2022-10-23,29,1550.5,20.129999999999995
36,2022-10-23T01:15:00.000Z,2022-10-23,29,1395.5,20.372500000000002
36,2022-10-23T01:30:00.000Z,2022-10-23,30,1112.5,20.61500000000001
36,2022-10-23T01:45:00.000Z,2022-10-23,30,1100.5,20.857500000000016
36,2022-10-23T02:00:00.000Z,2022-10-23,31,3080.5,21.100000000000023
36,2022-10-23T02:15:00.000Z,2022-10-23,31,1247.0,21.39000000000003
36,2022-10-23T02:30:00.000Z,2022-10-23,32,1125.5,21.680000000000035
36,2022-10-23T02:45:00.000Z,2022-10-23,32,1052.0,21.97000000000004
36,2022-10-23T03:00:00.000Z,2022-10-23,33,979.5,22.260000000000048
36,2022-10-23T03:15:00.000Z,2022-10-23,33,976.5,22.442500000000038
36,2022-10-23T03:30:00.000Z,2022-10-23,34,1603.5,22.62500000000003
36,2022-10-23T03:45:00.000Z,2022-10-23,34,664.0,22.80750000000002
36,2022-10-23T04:00:00.000Z,2022-10-23,35,579.0,22.99000000000001
36,2022-10-23T04:15:00.000Z,2022-10-23,35,478.0,23.525000000000006
36,2022-10-23T04:30:00.000Z,2022-10-23,36,1007.0,24.060000000000002
36,2022-10-23T04:45:00.000Z,2022-10-23,36,91.0,24.595
36,2022-10-23T05:00:00.000Z,2022-10-23,37,89.5,25.129999999999995
36,2022-10-23T05:15:00.000Z,2022-10-23,37,384.5,24.879999999999995
36,2022-10-23T05:30:00.000Z,2022-10-23,38,2669.5,24.629999999999995
36,2022-10-23T05:45:00.000Z,2022-10-23,38,2583.5,24.379999999999995
36,2022-10-23T06:00:00.000Z,2022-10-23,39,2659.5,24.129999999999995
36,2022-10-23T06:15:00.000Z,2022-10-23,39,611.5,23.629999999999995
36,2022-10-23T06:30:00.000Z,2022-10-23,40,515.0,23.129999999999995
36,2022-10-23T06:45:00.000Z,2022-10-23,40,547.5,22.629999999999995
36,2022-10-23T07:00:00.000Z,2022-10-23,41,558.0,22.129999999999995
36,2022-10-23T07:15:00.000Z,2022-10-23,41,626.0,21.379999999999995
36,2022-10-23T07:30:00.000Z,2022-10-23,42,607.5,20.629999999999995
36,2022-10-23T07:45:00.000Z,2022-10-23,42,703.5,19.879999999999995
36,2022-10-23T08:00:00.000Z,2022-10-23,43,2371.5,19.129999999999995
36,2022-10-23T08:15:00.000Z,2022-10-23,43,813.0,19.129999999999995
36,2022-10-23T08:30:00.000Z,2022-10-23,44,715.5,19.129999999999995
36,2022-10-23T08:45:00.000Z,2022-10-23,44,698.5,19.129999999999995
36,2022-10-23T09:00:00.000Z,2022-10-23,45,634.5,19.129999999999995
36,2022-10-23T09:15:00.000Z,2022-10-23,45,1237.5,18.879999999999995
36,2022-10-23T09:30:00.000Z,2022-10-23,46,1479.5,18.629999999999995
36,2022-10-23T09:45:00.000Z,2022-10-23,46,2192.0,18.379999999999995
36,2022-10-23T10:00:00.000Z,2022-10-23,47,2172.5,18.129999999999995
36,2022-10-23T10:15:00.000Z,2022-10-23,47,2199.0,17.629999999999995
36,2022-10-23T10:30:00.000Z,2022-10-23,48,2177.5,17.129999999999995
36,2022-10-23T10:45:00.000Z,2022-10-23,48,2393.5,16.629999999999995
36,2022-10-23T11:00:00.000Z,2022-10-24,1,2395.0,16.129999999999995
36,2022-10-23T11:15:00.000Z,2022-10-24,1,3789.5,16.379999999999995
36,2022-10-23T11:30:00.000Z,2022-10-24,2,3864.0,16.629999999999995
36,2022-10-23T11:45:00.000Z,2022-10-24,2,1645.5,16.879999999999995
36,2022-10-23T12:00:00.000Z,2022-10-24,3,468.5,17.129999999999995
36,2022-10-23T12:15:00.000Z,2022-10-24,3,2112.5,16.379999999999995
36,2022-10-23T12:30:00.000Z,2022-10-24,4,613.5,15.629999999999995
36,2022-10-23T12:45:00.000Z,2022-10-24,4,556.5,14.879999999999995
36,2022-10-23T13:00:00.000Z,2022-10-24,5,514.5,14.129999999999995
36,2022-10-23T13:15:00.000Z,2022-10-24,5,562.5,14.129999999999995
36,2022-10-23T13:30:00.000Z,2022-10-24,6,521.0,14.129999999999995
36,2022-10-23T13:45:00.000Z,2022-10-24,6,559.0,14.129999999999995
36,2022-10-23T14:00:00.000Z,2022-10-24,7,818.0,14.129999999999995
36,2022-10-23T14:15:00.000Z,2022-10-24,7,556.0,13.617500000000007
36,2022-10-23T14:30:00.000Z,2022-10-24,8,557.0,13.105000000000016
36,2022-10-23T14:45:00.000Z,2022-10-24,8,2236.5,12.592500000000026
36,2022-10-23T15:00:00.000Z,2022-10-24,9,3788.0,12.080000000000037
36,2022-10-23T15:15:00.000Z,2022-10-24,9,2158.5,11.955000000000037
36,2022-10-23T15:30:00.000Z,2022-10-24,10,2121.5,11.830000000000037
36,2022-10-23T15:45:00.000Z,2022-10-24,10,1428.5,11.705000000000037
36,2022-10-23T16:00:00.000Z,2022-10-24,11,610.5,11.580000000000037
36,2022-10-23T16:15:00.000Z,2022-10-24,11,461.5,11.455000000000037
36,2022-10-23T16:30:00.000Z,2022-10-24,12,496.0,11.330000000000037
36,2022-10-23T16:45:00.000Z,2022-10-24,12,452.0,11.205000000000037
36,2022-10-23T17:00:00.000Z,2022-10-24,13,503.5,11.080000000000037
36,2022-10-23T17:15:00.000Z,2022-10-24,13,521.5,11.242500000000032
36,2022-10-23T17:30:00.000Z,2022-10-24,14,525.5,11.405000000000026
36,2022-10-23T17:45:00.000Z,2022-10-24,14,496.0,11.567500000000022
36,2022-10-23T18:00:00.000Z,2022-10-24,15,3167.5,11.730000000000016
36,2022-10-23T18:15:00.000Z,2022-10-24,15,3385.0,11.910000000000023
36,2022-10-23T18:30:00.000Z,2022-10-24,16,3138.5,12.090000000000032
36,2022-10-23T18:45:00.000Z,2022-10-24,16,2667.5,12.270000000000039
36,2022-10-23T19:00:00.000Z,2022-10-24,17,1431.5,12.450000000000045
36,2022-10-23T19:15:00.000Z,2022-10-24,17,1075.5,12.380000000000038
36,2022-10-23T19:30:00.000Z,2022-10-24,18,1024.0,12.31000000000003
36,2022-10-23T19:45:00.000Z,2022-10-24,18,978.5,12.240000000000023
36,2022-10-23T20:00:00.000Z,2022-10-24,19,879.5,12.170000000000016
36,2022-10-23T20:15:00.000Z,2022-10-24,19,778.5,12.912500000000023
36,2022-10-23T20:30:00.000Z,2022-10-24,20,868.5,13.65500000000003
36,2022-10-23T20:45:00.000Z,2022-10-24,20,266.5,14.397500000000038
36,2022-10-23T21:00:00.000Z,2022-10-24,21,359.5,15.140000000000045
36,2022-10-23T21:15:00.000Z,2022-10-24,21,1084.0,15.605000000000034
36,2022-10-23T21:30:00.000Z,2022-10-24,22,329.0,16.07000000000002
36,2022-10-23T21:45:00.000Z,2022-10-24,22,255.5,16.53500000000001
36,2022-10-23T22:00:00.000Z,2022-10-24,23,1813.5,17.0
36,2022-10-23T22:15:00.000Z,2022-10-24,23,209.5,17.0475
36,2022-10-23T22:30:00.000Z,2022-10-24,24,1020.0,17.095
36,2022-10-23T22:45:00.000Z,2022-10-24,24,0.5,17.1425
36,2022-10-23T23:00:00.000Z,2022-10-24,25,5297.5,17.189999999999998
36,2022-10-23T23:15:00.000Z,2022-10-24,25,3112.5,16.682500000000005
36,2022-10-23T23:30:00.000Z,2022-10-24,26,3127.0,16.17500000000001
36,2022-10-23T23:45:00.000Z,2022-10-24,26,4560.0,15.66750000000002
36,2022-10-24T00:00:00.000Z,2022-10-24,27,4438.5,15.160000000000027
36,2022-10-24T00:15:00.000Z,2022-10-24,27,1224.0,14.717500000000031
36,2022-10-24T00:30:00.000Z,2022-10-24,28,2888.0,14.275000000000036
36,2022-10-24T00:45:00.000Z,2022-10-24,28,1296.5,13.83250000000004
36,2022-10-24T01:00:00.000Z,2022-10-24,29,1303.0,13.390000000000045
36,2022-10-24T01:15:00.000Z,2022-10-24,29,34.5,13.430000000000037
36,2022-10-24T01:30:00.000Z,2022-10-24,30,238.0,13.470000000000027
36,2022-10-24T01:45:00.000Z,2022-10-24,30,56.5,13.51000000000002
36,2022-10-24T02:00:00.000Z,2022-10-24,31,93.0,13.550000000000011
36,2022-10-24T02:15:00.000Z,2022-10-24,31,83.5,13.225000000000009
36,2022-10-24T02:30:00.000Z,2022-10-24,32,1639.5,12.900000000000006
36,2022-10-24T02:45:00.000Z,2022-10-24,32,166.0,12.575000000000003
36,2022-10-24T03:00:00.000Z,2022-10-24,33,237.5,12.25
36,2022-10-24T03:15:00.000Z,2022-10-24,33,2281.0,12.00500000000001
36,2022-10-24T03:30:00.000Z,2022-10-24,34,2699.0,11.76000000000002
36,2022-10-24T03:45:00.000Z,2022-10-24,34,805.0,11.515000000000029
36,2022-10-24T04:00:00.000Z,2022-10-24,35,1090.0,11.270000000000039
36,2022-10-24T04:15:00.000Z,2022-10-24,35,1352.5,11.072500000000034
36,2022-10-24T04:30:00.000Z,2022-10-24,36,3658.0,10.875000000000028
36,2022-10-24T04:45:00.000Z,2022-10-24,36,5494.5,10.677500000000023
36,2022-10-24T05:00:00.000Z,2022-10-24,37,2217.5,10.480000000000018
36,2022-10-24T05:15:00.000Z,2022-10-24,37,1192.5,10.190000000000026
36,2022-10-24T05:30:00.000Z,2022-10-24,38,2708.5,9.900000000000034
36,2022-10-24T05:45:00.000Z,2022-10-24,38,2794.0,9.610000000000044
36,2022-10-24T06:00:00.000Z,2022-10-24,39,3979.5,9.320000000000052
36,2022-10-24T06:15:00.000Z,2022-10-24,39,3623.5,9.20750000000004
36,2022-10-24T06:30:00.000Z,2022-10-24,40,2193.5,9.095000000000029
36,2022-10-24T06:45:00.000Z,2022-10-24,40,3086.5,8.982500000000018
36,2022-10-24T07:00:00.000Z,2022-10-24,41,1182.5,8.870000000000006
36,2022-10-24T07:15:00.000Z,2022-10-24,41,1000.5,8.727500000000008
36,2022-10-24T07:30:00.000Z,2022-10-24,42,1032.0,8.585000000000008
36,2022-10-24T07:45:00.000Z,2022-10-24,42,1397.0,8.44250000000001
36,2022-10-24T08:00:00.000Z,2022-10-24,43,3133.5,8.300000000000011
36,2022-10-24T08:15:00.000Z,2022-10-24,43,1441.5,8.220000000000013
36,2022-10-24T08:30:00.000Z,2022-10-24,44,1567.5,8.140000000000015
36,2022-10-24T08:45:00.000Z,2022-10-24,44,1471.0,8.060000000000016
36,2022-10-24T09:00:00.000Z,2022-10-24,45,1813.0,7.980000000000018
36,2022-10-24T09:15:00.000Z,2022-10-24,45,2443.5,7.922500000000014
36,2022-10-24T09:30:00.000Z,2022-10-24,46,762.5,7.865000000000009
36,2022-10-24T09:45:00.000Z,2022-10-24,46,3784.0,7.8075000000000045
36,2022-10-24T10:00:00.000Z,2022-10-24,47,552.5,7.75
36,2022-10-24T10:15:00.000Z,2022-10-24,47,612.0,7.702500000000001
36,2022-10-24T10:30:00.000Z,2022-10-24,48,451.0,7.655000000000001
36,2022-10-24T10:45:00.000Z,2022-10-24,48,573.0,7.607500000000002
36,2022-10-24T11:00:00.000Z,2022-10-25,1,2229.0,7.560000000000002
36,2022-10-24T11:15:00.000Z,2022-10-25,1,551.5,7.560000000000002
36,2022-10-24T11:30:00.000Z,2022-10-25,2,1353.5,7.560000000000002
36,2022-10-24T11:45:00.000Z,2022-10-25,2,2104.5,7.560000000000002
36,2022-10-24T12:00:00.000Z,2022-10-25,3,2180.5,7.560000000000002
36,2022-10-24T12:15:00.000Z,2022-10-25,3,2291.5,7.440000000000012
36,2022-10-24T12:30:00.000Z,2022-10-25,4,1479.0,7.320000000000022
36,2022-10-24T12:45:00.000Z,2022-10-25,4,598.5,7.200000000000031
36,2022-10-24T13:00:00.000Z,2022-10-25,5,1564.0,7.080000000000041
36,2022-10-24T13:15:00.000Z,2022-10-25,5,2322.0,6.86250000000004
36,2022-10-24T13:30:00.000Z,2022-10-25,6,626.5,6.645000000000039
36,2022-10-24T13:45:00.000Z,2022-10-25,6,658.0,6.427500000000037
36,2022-10-24T14:00:00.000Z,2022-10-25,7,669.5,6.2100000000000355
36,2022-10-24T14:15:00.000Z,2022-10-25,7,670.0,6.315000000000026
36,2022-10-24T14:30:00.000Z,2022-10-25,8,610.5,6.420000000000016
36,2022-10-24T14:45:00.000Z,2022-10-25,8,652.5,6.525000000000006
36,2022-10-24T15:00:00.000Z,2022-10-25,9,655.0,6.629999999999996
36,2022-10-24T15:15:00.000Z,2022-10-25,9,748.5,6.61500000000001
36,2022-10-24T15:30:00.000Z,2022-10-25,10,1038.5,6.600000000000023
36,2022-10-24T15:45:00.000Z,2022-10-25,10,978.0,6.585000000000036
36,2022-10-24T16:00:00.000Z,2022-10-25,11,669.5,6.57000000000005
36,2022-10-24T16:15:00.000Z,2022-10-25,11,444.5,6.3650000000000375
36,2022-10-24T16:30:00.000Z,2022-10-25,12,1354.5,6.160000000000025
36,2022-10-24T16:45:00.000Z,2022-10-25,12,2057.5,5.9550000000000125
36,2022-10-24T17:00:00.000Z,2022-10-25,13,3724.0,5.75
36,2022-10-24T17:15:00.000Z,2022-10-25,13,2098.0,5.585000000000008
36,2022-10-24T17:30:00.000Z,2022-10-25,14,2014.0,5.420000000000016
36,2022-10-24T17:45:00.000Z,2022-10-25,14,1442.0,5.255000000000024
36,2022-10-24T18:00:00.000Z,2022-10-25,15,2269.0,5.090000000000032
36,2022-10-24T18:15:00.000Z,2022-10-25,15,4727.0,5.590000000000032
36,2022-10-24T18:30:00.000Z,2022-10-25,16,3679.5,6.090000000000032
36,2022-10-24T18:45:00.000Z,2022-10-25,16,2613.5,6.590000000000032
36,2022-10-24T19:00:00.000Z,2022-10-25,17,3096.0,7.090000000000032
36,2022-10-24T19:15:00.000Z,2022-10-25,17,1451.0,7.080000000000027
36,2022-10-24T19:30:00.000Z,2022-10-25,18,2017.0,7.070000000000022
36,2022-10-24T19:45:00.000Z,2022-10-25,18,1247.5,7.060000000000017
36,2022-10-24T20:00:00.000Z,2022-10-25,19,2046.5,7.050000000000012
36,2022-10-24T20:15:00.000Z,2022-10-25,19,694.5,7.560000000000017
36,2022-10-24T20:30:00.000Z,2022-10-25,20,588.5,8.070000000000023
36,2022-10-24T20:45:00.000Z,2022-10-25,20,1909.0,8.580000000000028
36,2022-10-24T21:00:00.000Z,2022-10-25,21,2235.0,9.090000000000034
36,2022-10-24T21:15:00.000Z,2022-10-25,21,264.5,9.385000000000035
36,2022-10-24T21:30:00.000Z,2022-10-25,22,413.0,9.680000000000035
36,2022-10-24T21:45:00.000Z,2022-10-25,22,378.0,9.975000000000037
36,2022-10-24T22:00:00.000Z,2022-10-25,23,1168.0,10.270000000000039
36,2022-10-24T22:15:00.000Z,2022-10-25,23,3903.5,10.360000000000028
36,2022-10-24T22:30:00.000Z,2022-10-25,24,1419.0,10.450000000000017
36,2022-10-24T22:45:00.000Z,2022-10-25,24,2060.0,10.540000000000008
36,2022-10-24T23:00:00.000Z,2022-10-25,25,926.0,10.629999999999997
36,2022-10-24T23:15:00.000Z,2022-10-25,25,3293.0,10.995000000000006
36,2022-10-24T23:30:00.000Z,2022-10-25,26,637.5,11.360000000000015
36,2022-10-24T23:45:00.000Z,2022-10-25,26,736.5,11.725000000000025
36,2022-10-25T00:00:00.000Z,2022-10-25,27,1621.5,12.090000000000034
36,2022-10-25T00:15:00.000Z,2022-10-25,27,1525.0,12.197500000000035
36,2022-10-25T00:30:00.000Z,2022-10-25,28,1182.5,12.305000000000035
36,2022-10-25T00:45:00.000Z,2022-10-25,28,1118.0,12.412500000000037
36,2022-10-25T01:00:00.000Z,2022-10-25,29,1229.5,12.520000000000039
36,2022-10-25T01:15:00.000Z,2022-10-25,29,1532.0,12.355000000000032
36,2022-10-25T01:30:00.000Z,2022-10-25,30,832.5,12.190000000000028
36,2022-10-25T01:45:00.000Z,2022-10-25,30,1199.0,12.025000000000023
36,2022-10-25T02:00:00.000Z,2022-10-25,31,1255.5,11.860000000000017
36,2022-10-25T02:15:00.000Z,2022-10-25,31,1346.0,11.855000000000022
36,2022-10-25T02:30:00.000Z,2022-10-25,32,1634.0,11.850000000000026
36,2022-10-25T02:45:00.000Z,2022-10-25,32,98.5,11.845000000000029
36,2022-10-25T03:00:00.000Z,2022-10-25,33,149.0,11.840000000000034
36,2022-10-25T03:15:00.000Z,2022-10-25,33,172.5,11.920000000000032
36,2022-10-25T03:30:00.000Z,2022-10-25,34,146.5,12.00000000000003
36,2022-10-25T03:45:00.000Z,2022-10-25,34,617.5,12.080000000000028
36,2022-10-25T04:00:00.000Z,2022-10-25,35,383.0,12.160000000000027
36,2022-10-25T04:15:00.000Z,2022-10-25,35,467.0,12.200000000000033
36,2022-10-25T04:30:00.000Z,2022-10-25,36,345.5,12.240000000000038
36,2022-10-25T04:45:00.000Z,2022-10-25,36,819.0,12.280000000000044
36,2022-10-25T05:00:00.000Z,2022-10-25,37,449.5,12.32000000000005
36,2022-10-25T05:15:00.000Z,2022-10-25,37,888.5,12.120000000000047
36,2022-10-25T05:30:00.000Z,2022-10-25,38,1160.0,11.920000000000044
36,2022-10-25T05:45:00.000Z,2022-10-25,38,1427.5,11.720000000000041
36,2022-10-25T06:00:00.000Z,2022-10-25,39,1119.0,11.520000000000039
36,2022-10-25T06:15:00.000Z,2022-10-25,39,890.0,11.19000000000004
36,2022-10-25T06:30:00.000Z,2022-10-25,40,1229.0,10.860000000000042
36,2022-10-25T06:45:00.000Z,2022-10-25,40,1253.5,10.530000000000042
36,2022-10-25T07:00:00.000Z,2022-10-25,41,2795.0,10.200000000000044
36,2022-10-25T07:15:00.000Z,2022-10-25,41,2844.5,10.042500000000047
36,2022-10-25T07:30:00.000Z,2022-10-25,42,2450.0,9.885000000000048
36,2022-10-25T07:45:00.000Z,2022-10-25,42,2723.5,9.727500000000049
36,2022-10-25T08:00:00.000Z,2022-10-25,43,4274.0,9.570000000000052
36,2022-10-25T08:15:00.000Z,2022-10-25,43,2664.5,9.465000000000048
36,2022-10-25T08:30:00.000Z,2022-10-25,44,1295.0,9.360000000000042
36,2022-10-25T08:45:00.000Z,2022-10-25,44,1392.0,9.255000000000038
36,2022-10-25T09:00:00.000Z,2022-10-25,45,1083.5,9.150000000000034
36,2022-10-25T09:15:00.000Z,2022-10-25,45,771.5,9.130000000000038
36,2022-10-25T09:30:00.000Z,2022-10-25,46,854.5,9.110000000000042
36,2022-10-25T09:45:00.000Z,2022-10-25,46,826.0,9.090000000000048
36,2022-10-25T10:00:00.000Z,2022-10-25,47,1659.0,9.070000000000052
36,2022-10-25T10:15:00.000Z,2022-10-25,47,638.5,8.950000000000047
36,2022-10-25T10:30:00.000Z,2022-10-25,48,753.5,8.830000000000041
36,2022-10-25T10:45:00.000Z,2022-10-25,48,3849.5,8.710000000000036
36,2022-10-25T11:00:00.000Z,2022-10-26,1,493.5,8.590000000000032
36,2022-10-25T11:15:00.000Z,2022-10-26,1,512.5,8.492500000000035
36,2022-10-25T11:30:00.000Z,2022-10-26,2,611.0,8.395000000000039
36,2022-10-25T11:45:00.000Z,2022-10-26,2,542.5,8.297500000000042
36,2022-10-25T12:00:00.000Z,2022-10-26,3,564.0,8.200000000000045
36,2022-10-25T12:15:00.000Z,2022-10-26,3,2326.5,8.170000000000044
36,2022-10-25T12:30:00.000Z,2022-10-26,4,690.0,8.140000000000043
36,2022-10-25T12:45:00.000Z,2022-10-26,4,654.5,8.110000000000042
36,2022-10-25T13:00:00.000Z,2022-10-26,5,775.5,8.080000000000041
36,2022-10-25T13:15:00.000Z,2022-10-26,5,1497.0,8.015000000000043
36,2022-10-25T13:30:00.000Z,2022-10-26,6,695.0,7.9500000000000455
36,2022-10-25T13:45:00.000Z,2022-10-26,6,2239.5,7.885000000000048
36,2022-10-25T14:00:00.000Z,2022-10-26,7,2321.5,7.82000000000005
36,2022-10-25T14:15:00.000Z,2022-10-26,7,2258.0,7.717500000000044
36,2022-10-25T14:30:00.000Z,2022-10-26,8,2216.0,7.6150000000000375
36,2022-10-25T14:45:00.000Z,2022-10-26,8,3123.5,7.512500000000031
36,2022-10-25T15:00:00.000Z,2022-10-26,9,760.0,7.410000000000025
36,2022-10-25T15:15:00.000Z,2022-10-26,9,658.5,7.325000000000031
36,2022-10-25T15:30:00.000Z,2022-10-26,10,1544.5,7.2400000000000375
36,2022-10-25T15:45:00.000Z,2022-10-26,10,731.5,7.155000000000044
36,2022-10-25T16:00:00.000Z,2022-10-26,11,622.0,7.07000000000005
36,2022-10-25T16:15:00.000Z,2022-10-26,11,548.5,6.98750000000004
36,2022-10-25T16:30:00.000Z,2022-10-26,12,585.0,6.90500000000003
36,2022-10-25T16:45:00.000Z,2022-10-26,12,666.5,6.822500000000018
36,2022-10-25T17:00:00.000Z,2022-10-26,13,603.0,6.740000000000008
36,2022-10-25T17:15:00.000Z,2022-10-26,13,1487.5,6.792500000000017
36,2022-10-25T17:30:00.000Z,2022-10-26,14,518.0,6.845000000000027
36,2022-10-25T17:45:00.000Z,2022-10-26,14,601.0,6.897500000000036
36,2022-10-25T18:00:00.000Z,2022-10-26,15,622.5,6.9500000000000455
36,2022-10-25T18:15:00.000Z,2022-10-26,15,4445.5,7.340000000000046
36,2022-10-25T18:30:00.000Z,2022-10-26,16,5447.5,7.730000000000047
36,2022-10-25T18:45:00.000Z,2022-10-26,16,4685.5,8.120000000000047
36,2022-10-25T19:00:00.000Z,2022-10-26,17,4774.5,8.510000000000048
36,2022-10-25T19:15:00.000Z,2022-10-26,17,706.5,8.935000000000045
36,2022-10-25T19:30:00.000Z,2022-10-26,18,736.0,9.360000000000042
36,2022-10-25T19:45:00.000Z,2022-10-26,18,403.5,9.78500000000004
36,2022-10-25T20:00:00.000Z,2022-10-26,19,38.0,10.210000000000036
36,2022-10-25T20:15:00.000Z,2022-10-26,19,73.5,11.18500000000003
36,2022-10-25T20:30:00.000Z,2022-10-26,20,1442.0,12.160000000000027
36,2022-10-25T20:45:00.000Z,2022-10-26,20,572.0,13.135000000000023
36,2022-10-25T21:00:00.000Z,2022-10-26,21,779.5,14.110000000000017
36,2022-10-25T21:15:00.000Z,2022-10-26,21,976.0,14.595000000000015
36,2022-10-25T21:30:00.000Z,2022-10-26,22,803.5,15.080000000000013
36,2022-10-25T21:45:00.000Z,2022-10-26,22,1018.5,15.56500000000001
36,2022-10-25T22:00:00.000Z,2022-10-26,23,860.5,16.050000000000008
36,2022-10-25T22:15:00.000Z,2022-10-26,23,1905.0,16.460000000000004
36,2022-10-25T22:30:00.000Z,2022-10-26,24,895.0,16.87
36,2022-10-25T22:45:00.000Z,2022-10-26,24,854.5,17.279999999999998
36,2022-10-25T23:00:00.000Z,2022-10-26,25,592.5,17.689999999999994
36,2022-10-25T23:15:00.000Z,2022-10-26,25,832.0,17.915000000000003
36,2022-10-25T23:30:00.000Z,2022-10-26,26,836.0,18.140000000000015
36,2022-10-25T23:45:00.000Z,2022-10-26,26,1473.0,18.365000000000023
36,2022-10-26T00:00:00.000Z,2022-10-26,27,1532.5,18.590000000000032
36,2022-10-26T00:15:00.000Z,2022-10-26,27,1733.0,19.29500000000003
36,2022-10-26T00:30:00.000Z,2022-10-26,28,1487.0,20.00000000000003
36,2022-10-26T00:45:00.000Z,2022-10-26,28,1502.0,20.705000000000027
36,2022-10-26T01:00:00.000Z,2022-10-26,29,1550.5,21.410000000000025
36,2022-10-26T01:15:00.000Z,2022-10-26,29,1589.0,21.340000000000018
36,2022-10-26T01:30:00.000Z,2022-10-26,30,1355.0,21.27000000000001
36,2022-10-26T01:45:00.000Z,2022-10-26,30,731.0,21.200000000000003
36,2022-10-26T02:00:00.000Z,2022-10-26,31,1269.0,21.129999999999995
36,2022-10-26T02:15:00.000Z,2022-10-26,31,1108.0,21.070000000000007
36,2022-10-26T02:30:00.000Z,2022-10-26,32,845.0,21.01000000000002
36,2022-10-26T02:45:00.000Z,2022-10-26,32,946.0,20.950000000000035
36,2022-10-26T03:00:00.000Z,2022-10-26,33,931.0,20.890000000000047
36,2022-10-26T03:15:00.000Z,2022-10-26,33,1054.0,20.520000000000042
36,2022-10-26T03:30:00.000Z,2022-10-26,34,664.5,20.150000000000034
36,2022-10-26T03:45:00.000Z,2022-10-26,34,536.0,19.78000000000003
36,2022-10-26T04:00:00.000Z,2022-10-26,35,380.5,19.410000000000025
36,2022-10-26T04:15:00.000Z,2022-10-26,35,172.5,19.35250000000002
36,2022-10-26T04:30:00.000Z,2022-10-26,36,5.5,19.295000000000016
36,2022-10-26T04:45:00.000Z,2022-10-26,36,26.5,19.23750000000001
36,2022-10-26T05:00:00.000Z,2022-10-26,37,221.0,19.180000000000007
36,2022-10-26T05:15:00.000Z,2022-10-26,37,3862.0,18.667500000000004
36,2022-10-26T05:30:00.000Z,2022-10-26,38,4326.0,18.155
36,2022-10-26T05:45:00.000Z,2022-10-26,38,4414.0,17.6425
36,2022-10-26T06:00:00.000Z,2022-10-26,39,2417.0,17.129999999999995
36,2022-10-26T06:15:00.000Z,2022-10-26,39,2826.5,16.879999999999995
36,2022-10-26T06:30:00.000Z,2022-10-26,40,937.0,16.629999999999995
36,2022-10-26T06:45:00.000Z,2022-10-26,40,913.5,16.379999999999995
36,2022-10-26T07:00:00.000Z,2022-10-26,41,828.0,16.129999999999995
36,2022-10-26T07:15:00.000Z,2022-10-26,41,889.5,15.5475
36,2022-10-26T07:30:00.000Z,2022-10-26,42,804.0,14.965000000000003
36,2022-10-26T07:45:00.000Z,2022-10-26,42,707.0,14.382500000000007
36,2022-10-26T08:00:00.000Z,2022-10-26,43,2176.0,13.800000000000011
36,2022-10-26T08:15:00.000Z,2022-10-26,43,2244.0,13.377500000000012
36,2022-10-26T08:30:00.000Z,2022-10-26,44,2301.0,12.955000000000014
36,2022-10-26T08:45:00.000Z,2022-10-26,44,736.5,12.532500000000017
36,2022-10-26T09:00:00.000Z,2022-10-26,45,1538.0,12.110000000000017
36,2022-10-26T09:15:00.000Z,2022-10-26,45,802.5,12.227500000000022
36,2022-10-26T09:30:00.000Z,2022-10-26,46,706.0,12.345000000000027
36,2022-10-26T09:45:00.000Z,2022-10-26,46,3872.0,12.462500000000032
36,2022-10-26T10:00:00.000Z,2022-10-26,47,776.5,12.580000000000037
36,2022-10-26T10:15:00.000Z,2022-10-26,47,616.0,12.37000000000003
36,2022-10-26T10:30:00.000Z,2022-10-26,48,502.5,12.160000000000021
36,2022-10-26T10:45:00.000Z,2022-10-26,48,2936.5,11.950000000000015
36,2022-10-26T11:00:00.000Z,2022-10-27,1,2064.0,11.740000000000007
36,2022-10-26T11:15:00.000Z,2022-10-27,1,2034.5,11.73750000000001
36,2022-10-26T11:30:00.000Z,2022-10-27,2,2128.5,11.735000000000012
36,2022-10-26T11:45:00.000Z,2022-10-27,2,2118.0,11.732500000000014
36,2022-10-26T12:00:00.000Z,2022-10-27,3,486.5,11.730000000000016
36,2022-10-26T12:15:00.000Z,2022-10-27,3,607.0,11.63500000000002
36,2022-10-26T12:30:00.000Z,2022-10-27,4,2188.0,11.54000000000002
36,2022-10-26T12:45:00.000Z,2022-10-27,4,543.0,11.445000000000023
36,2022-10-26T13:00:00.000Z,2022-10-27,5,599.0,11.350000000000026
36,2022-10-26T13:15:00.000Z,2022-10-27,5,598.5,11.26750000000003
36,2022-10-26T13:30:00.000Z,2022-10-27,6,548.0,11.185000000000032
36,2022-10-26T13:45:00.000Z,2022-10-27,6,591.5,11.102500000000035
36,2022-10-26T14:00:00.000Z,2022-10-27,7,554.5,11.020000000000039
36,2022-10-26T14:15:00.000Z,2022-10-27,7,826.0,10.942500000000038
36,2022-10-26T14:30:00.000Z,2022-10-27,8,555.0,10.865000000000038
36,2022-10-26T14:45:00.000Z,2022-10-27,8,629.0,10.787500000000037
36,2022-10-26T15:00:00.000Z,2022-10-27,9,597.0,10.710000000000036
36,2022-10-26T15:15:00.000Z,2022-10-27,9,2169.5,10.555000000000035
36,2022-10-26T15:30:00.000Z,2022-10-27,10,599.5,10.400000000000034
36,2022-10-26T15:45:00.000Z,2022-10-27,10,634.0,10.245000000000035
36,2022-10-26T16:00:00.000Z,2022-10-27,11,560.5,10.090000000000034
36,2022-10-26T16:15:00.000Z,2022-10-27,11,2069.0,10.007500000000036
36,2022-10-26T16:30:00.000Z,2022-10-27,12,2153.0,9.92500000000004
36,2022-10-26T16:45:00.000Z,2022-10-27,12,2138.0,9.842500000000044
36,2022-10-26T17:00:00.000Z,2022-10-27,13,2018.5,9.760000000000046
36,2022-10-26T17:15:00.000Z,2022-10-27,13,470.0,9.722500000000037
36,2022-10-26T17:30:00.000Z,2022-10-27,14,2183.5,9.68500000000003
36,2022-10-26T17:45:00.000Z,2022-10-27,14,6152.5,9.647500000000022
36,2022-10-26T18:00:00.000Z,2022-10-27,15,4278.5,9.610000000000014
36,2022-10-26T18:15:00.000Z,2022-10-27,15,2648.5,10.07250000000002
36,2022-10-26T18:30:00.000Z,2022-10-27,16,1189.0,10.535000000000025
36,2022-10-26T18:45:00.000Z,2022-10-27,16,986.5,10.99750000000003
36,2022-10-26T19:00:00.000Z,2022-10-27,17,1060.5,11.460000000000036
36,2022-10-26T19:15:00.000Z,2022-10-27,17,1099.5,11.762500000000031
36,2022-10-26T19:30:00.000Z,2022-10-27,18,880.5,12.065000000000026
36,2022-10-26T19:45:00.000Z,2022-10-27,18,995.5,12.367500000000021
36,2022-10-26T20:00:00.000Z,2022-10-27,19,79.0,12.670000000000016
36,2022-10-26T20:15:00.000Z,2022-10-27,19,420.0,12.612500000000011
36,2022-10-26T20:30:00.000Z,2022-10-27,20,720.0,12.555000000000007
36,2022-10-26T20:45:00.000Z,2022-10-27,20,130.0,12.497500000000002
36,2022-10-26T21:00:00.000Z,2022-10-27,21,200.5,12.439999999999998
36,2022-10-26T21:15:00.000Z,2022-10-27,21,60.5,12.704999999999998
36,2022-10-26T21:30:00.000Z,2022-10-27,22,150.0,12.969999999999999
36,2022-10-26T21:45:00.000Z,2022-10-27,22,88.5,13.235
36,2022-10-26T22:00:00.000Z,2022-10-27,23,1639.5,13.5
36,2022-10-26T22:15:00.000Z,2022-10-27,23,3314.5,13.5
36,2022-10-26T22:30:00.000Z,2022-10-27,24,138.5,13.5
36,2022-10-26T22:45:00.000Z,2022-10-27,24,48.0,13.5
36,2022-10-26T23:00:00.000Z,2022-10-27,25,849.5,13.5
36,2022-10-26T23:15:00.000Z,2022-10-27,25,1476.0,13.615000000000009
36,2022-10-26T23:30:00.000Z,2022-10-27,26,3086.5,13.730000000000018
36,2022-10-26T23:45:00.000Z,2022-10-27,26,1317.0,13.845000000000027
36,2022-10-27T00:00:00.000Z,2022-10-27,27,213.0,13.960000000000036
36,2022-10-27T00:15:00.000Z,2022-10-27,27,154.0,13.960000000000036
36,2022-10-27T00:30:00.000Z,2022-10-27,28,233.5,13.960000000000036
36,2022-10-27T00:45:00.000Z,2022-10-27,28,1469.0,13.960000000000036
36,2022-10-27T01:00:00.000Z,2022-10-27,29,357.5,13.960000000000036
36,2022-10-27T01:15:00.000Z,2022-10-27,29,189.5,13.927500000000038
36,2022-10-27T01:30:00.000Z,2022-10-27,30,96.0,13.895000000000037
36,2022-10-27T01:45:00.000Z,2022-10-27,30,122.5,13.862500000000036
36,2022-10-27T02:00:00.000Z,2022-10-27,31,1075.0,13.830000000000037
36,2022-10-27T02:15:00.000Z,2022-10-27,31,421.5,13.622500000000027
36,2022-10-27T02:30:00.000Z,2022-10-27,32,334.5,13.415000000000019
36,2022-10-27T02:45:00.000Z,2022-10-27,32,1969.5,13.20750000000001
36,2022-10-27T03:00:00.000Z,2022-10-27,33,460.0,13.0
36,2022-10-27T03:15:00.000Z,2022-10-27,33,287.5,12.72250000000001
36,2022-10-27T03:30:00.000Z,2022-10-27,34,357.5,12.445000000000022
36,2022-10-27T03:45:00.000Z,2022-10-27,34,373.0,12.167500000000034
36,2022-10-27T04:00:00.000Z,2022-10-27,35,2815.0,11.890000000000045
36,2022-10-27T04:15:00.000Z,2022-10-27,35,2824.0,11.740000000000038
36,2022-10-27T04:30:00.000Z,2022-10-27,36,1846.5,11.590000000000032
36,2022-10-27T04:45:00.000Z,2022-10-27,36,4659.5,11.440000000000026
36,2022-10-27T05:00:00.000Z,2022-10-27,37,6080.5,11.290000000000019
36,2022-10-27T05:15:00.000Z,2022-10-27,37,4421.0,11.122500000000015
36,2022-10-27T05:30:00.000Z,2022-10-27,38,4308.0,10.95500000000001
36,2022-10-27T05:45:00.000Z,2022-10-27,38,2637.0,10.787500000000007
36,2022-10-27T06:00:00.000Z,2022-10-27,39,2295.0,10.620000000000003
36,2022-10-27T06:15:00.000Z,2022-10-27,39,1339.0,10.590000000000002
36,2022-10-27T06:30:00.000Z,2022-10-27,40,864.0,10.560000000000002
36,2022-10-27T06:45:00.000Z,2022-10-27,40,1249.5,10.530000000000001
36,2022-10-27T07:00:00.000Z,2022-10-27,41,1199.5,10.5
36,2022-10-27T07:15:00.000Z,2022-10-27,41,1277.5,10.377500000000012
36,2022-10-27T07:30:00.000Z,2022-10-27,42,1353.0,10.255000000000024
36,2022-10-27T07:45:00.000Z,2022-10-27,42,1283.5,10.132500000000034
36,2022-10-27T08:00:00.000Z,2022-10-27,43,2753.5,10.010000000000046
36,2022-10-27T08:15:00.000Z,2022-10-27,43,4045.0,10.010000000000046
36,2022-10-27T08:30:00.000Z,2022-10-27,44,2795.5,10.010000000000046
36,2022-10-27T08:45:00.000Z,2022-10-27,44,1350.0,10.010000000000046
36,2022-10-27T09:00:00.000Z,2022-10-27,45,2328.0,10.010000000000046
36,2022-10-27T09:15:00.000Z,2022-10-27,45,2364.5,10.112500000000038
36,2022-10-27T09:30:00.000Z,2022-10-27,46,1486.5,10.215000000000032
36,2022-10-27T09:45:00.000Z,2022-10-27,46,3764.5,10.317500000000024
36,2022-10-27T10:00:00.000Z,2022-10-27,47,3568.0,10.420000000000016
36,2022-10-27T10:15:00.000Z,2022-10-27,47,2100.0,10.560000000000016
36,2022-10-27T10:30:00.000Z,2022-10-27,48,2096.5,10.700000000000017
36,2022-10-27T10:45:00.000Z,2022-10-27,48,478.5,10.840000000000016
36,2022-10-27T11:00:00.000Z,2022-10-28,1,597.5,10.980000000000016
36,2022-10-27T11:15:00.000Z,2022-10-28,1,2213.0,10.997500000000015
36,2022-10-27T11:30:00.000Z,2022-10-28,2,604.5,11.015000000000015
36,2022-10-27T11:45:00.000Z,2022-10-28,2,551.5,11.032500000000013
36,2022-10-27T12:00:00.000Z,2022-10-28,3,579.0,11.050000000000011
36,2022-10-27T12:15:00.000Z,2022-10-28,3,740.5,11.050000000000011
36,2022-10-27T12:30:00.000Z,2022-10-28,4,660.5,11.050000000000011
36,2022-10-27T12:45:00.000Z,2022-10-28,4,647.5,11.050000000000011
36,2022-10-27T13:00:00.000Z,2022-10-28,5,716.5,11.050000000000011